{"cameraMode":{"drawMode":0,"name":"Shaded","section":"Shading Mode"},"sceneLighting":false,"audioPlay":false,"sceneViewState":{"m_AlwaysRefresh":false,"showFog":true,"showSkybox":true,"showFlares":true,"showImageEffects":true,"showParticleSystems":true,"showVisualEffectGraphs":true,"m_FxEnabled":true},"in2DMode":false,"pivot":{"x":0.5681923627853394,"y":-1.0426431894302369,"z":0.9526358842849731},"rotation":{"x":-0.45023566484451296,"y":-0.26711568236351015,"z":0.14312943816184998,"w":-0.8400371670722961},"size":1.4547346830368043,"orthographic":false}