{"cameraMode":{"drawMode":0,"name":"Shaded","section":"Shading Mode"},"sceneLighting":false,"audioPlay":false,"sceneViewState":{"m_AlwaysRefresh":false,"showFog":true,"showSkybox":true,"showFlares":true,"showImageEffects":true,"showParticleSystems":true,"showVisualEffectGraphs":true,"m_FxEnabled":true},"in2DMode":false,"pivot":{"x":916.6298217773438,"y":575.0433349609375,"z":-0.4278564453125},"rotation":{"x":0.001499203615821898,"y":-0.009327382780611515,"z":-0.000009236776350007858,"w":-1.0000325441360474},"size":663.7481689453125,"orthographic":false}