{"cameraMode":{"drawMode":0,"name":"Shaded","section":"Shading Mode"},"sceneLighting":false,"audioPlay":false,"sceneViewState":{"m_AlwaysRefresh":false,"showFog":true,"showSkybox":false,"showFlares":true,"showImageEffects":true,"showParticleSystems":true,"showVisualEffectGraphs":true,"m_FxEnabled":true},"in2DMode":false,"pivot":{"x":-0.11596459150314331,"y":0.8415542244911194,"z":-0.2761269211769104},"rotation":{"x":0.04366303235292435,"y":-0.9562680721282959,"z":0.19633014500141145,"w":0.21254651248455048},"size":0.70415198802948,"orthographic":false}